Target,Target_Namespace,Target_Type,Target_Method,Job_Id,Job_AnalyzeLaunchVariance,Job_EvaluateOverhead,Job_MaxAbsoluteError,Job_MaxRelativeError,Job_MinInvokeCount,Job_MinIterationTime,Job_OutlierMode,Job_Affinity,Job_EnvironmentVariables,Job_Jit,Job_Platform,Job_PowerPlanMode,Job_Runtime,Job_AllowVeryLargeObjects,Job_Concurrent,Job_CpuGroups,Job_Force,Job_HeapAffinitizeMask,Job_HeapCount,Job_NoAffinitize,Job_RetainVm,Job_Server,Job_Arguments,Job_BuildConfiguration,Job_Clock,Job_EngineFactory,Job_NuGetReferences,Job_Toolchain,Job_IsMutator,Job_InvocationCount,Job_IterationCount,Job_IterationTime,Job_LaunchCount,Job_MaxIterationCount,Job_MaxWarmupIterationCount,Job_MemoryRandomization,Job_MinIterationCount,Job_MinWarmupIterationCount,Job_RunStrategy,Job_UnrollFactor,Job_WarmupCount,Job_Display,Params,Measurement_LaunchIndex,Measurement_IterationMode,Measurement_IterationStage,Measurement_IterationIndex,Measurement_Nanoseconds,Measurement_Operations,Measurement_Value
BenchmarkHarness.GetAllMySQLData,Benchmarking,BenchmarkHarness,GetAllMySQLData,Job-SPWWSK,Default,Default,Default,Default,Default,Default,Default,Default,Default,Default,Default,Default,Default,Default,Default,Default,Default,Default,Default,Default,Default,Default,Default,Default,Default,Default,Default,Default,Default,Default,2,Default,Default,Default,Default,Default,Default,Default,Default,Default,1,"Job-SPWWSK(IterationCount=2, WarmupCount=1)",IterationCount=1,1,Overhead,Jitting,1,523100,1,523100
BenchmarkHarness.GetAllMySQLData,Benchmarking,BenchmarkHarness,GetAllMySQLData,Job-SPWWSK,Default,Default,Default,Default,Default,Default,Default,Default,Default,Default,Default,Default,Default,Default,Default,Default,Default,Default,Default,Default,Default,Default,Default,Default,Default,Default,Default,Default,Default,Default,2,Default,Default,Default,Default,Default,Default,Default,Default,Default,1,"Job-SPWWSK(IterationCount=2, WarmupCount=1)",IterationCount=1,1,Workload,Jitting,1,30149263200,1,30149263200
BenchmarkHarness.GetAllMySQLData,Benchmarking,BenchmarkHarness,GetAllMySQLData,Job-SPWWSK,Default,Default,Default,Default,Default,Default,Default,Default,Default,Default,Default,Default,Default,Default,Default,Default,Default,Default,Default,Default,Default,Default,Default,Default,Default,Default,Default,Default,Default,Default,2,Default,Default,Default,Default,Default,Default,Default,Default,Default,1,"Job-SPWWSK(IterationCount=2, WarmupCount=1)",IterationCount=1,1,Workload,Warmup,1,10216015500,1,10216015500
BenchmarkHarness.GetAllMySQLData,Benchmarking,BenchmarkHarness,GetAllMySQLData,Job-SPWWSK,Default,Default,Default,Default,Default,Default,Default,Default,Default,Default,Default,Default,Default,Default,Default,Default,Default,Default,Default,Default,Default,Default,Default,Default,Default,Default,Default,Default,Default,Default,2,Default,Default,Default,Default,Default,Default,Default,Default,Default,1,"Job-SPWWSK(IterationCount=2, WarmupCount=1)",IterationCount=1,1,Workload,Actual,1,10064195700,1,10064195700
BenchmarkHarness.GetAllMySQLData,Benchmarking,BenchmarkHarness,GetAllMySQLData,Job-SPWWSK,Default,Default,Default,Default,Default,Default,Default,Default,Default,Default,Default,Default,Default,Default,Default,Default,Default,Default,Default,Default,Default,Default,Default,Default,Default,Default,Default,Default,Default,Default,2,Default,Default,Default,Default,Default,Default,Default,Default,Default,1,"Job-SPWWSK(IterationCount=2, WarmupCount=1)",IterationCount=1,1,Workload,Actual,2,10081363700,1,10081363700
BenchmarkHarness.GetAllMySQLData,Benchmarking,BenchmarkHarness,GetAllMySQLData,Job-SPWWSK,Default,Default,Default,Default,Default,Default,Default,Default,Default,Default,Default,Default,Default,Default,Default,Default,Default,Default,Default,Default,Default,Default,Default,Default,Default,Default,Default,Default,Default,Default,2,Default,Default,Default,Default,Default,Default,Default,Default,Default,1,"Job-SPWWSK(IterationCount=2, WarmupCount=1)",IterationCount=1,1,Workload,Result,1,10064195700,1,10064195700
BenchmarkHarness.GetAllMySQLData,Benchmarking,BenchmarkHarness,GetAllMySQLData,Job-SPWWSK,Default,Default,Default,Default,Default,Default,Default,Default,Default,Default,Default,Default,Default,Default,Default,Default,Default,Default,Default,Default,Default,Default,Default,Default,Default,Default,Default,Default,Default,Default,2,Default,Default,Default,Default,Default,Default,Default,Default,Default,1,"Job-SPWWSK(IterationCount=2, WarmupCount=1)",IterationCount=1,1,Workload,Result,2,10081363700,1,10081363700
BenchmarkHarness.GetAllPostgreSQLData,Benchmarking,BenchmarkHarness,GetAllPostgreSQLData,Job-SPWWSK,Default,Default,Default,Default,Default,Default,Default,Default,Default,Default,Default,Default,Default,Default,Default,Default,Default,Default,Default,Default,Default,Default,Default,Default,Default,Default,Default,Default,Default,Default,2,Default,Default,Default,Default,Default,Default,Default,Default,Default,1,"Job-SPWWSK(IterationCount=2, WarmupCount=1)",IterationCount=1,1,Overhead,Jitting,1,294800,1,294800
BenchmarkHarness.GetAllPostgreSQLData,Benchmarking,BenchmarkHarness,GetAllPostgreSQLData,Job-SPWWSK,Default,Default,Default,Default,Default,Default,Default,Default,Default,Default,Default,Default,Default,Default,Default,Default,Default,Default,Default,Default,Default,Default,Default,Default,Default,Default,Default,Default,Default,Default,2,Default,Default,Default,Default,Default,Default,Default,Default,Default,1,"Job-SPWWSK(IterationCount=2, WarmupCount=1)",IterationCount=1,1,Workload,Jitting,1,14054740800,1,14054740800
BenchmarkHarness.GetAllPostgreSQLData,Benchmarking,BenchmarkHarness,GetAllPostgreSQLData,Job-SPWWSK,Default,Default,Default,Default,Default,Default,Default,Default,Default,Default,Default,Default,Default,Default,Default,Default,Default,Default,Default,Default,Default,Default,Default,Default,Default,Default,Default,Default,Default,Default,2,Default,Default,Default,Default,Default,Default,Default,Default,Default,1,"Job-SPWWSK(IterationCount=2, WarmupCount=1)",IterationCount=1,1,Workload,Warmup,1,308347000,1,308347000
BenchmarkHarness.GetAllPostgreSQLData,Benchmarking,BenchmarkHarness,GetAllPostgreSQLData,Job-SPWWSK,Default,Default,Default,Default,Default,Default,Default,Default,Default,Default,Default,Default,Default,Default,Default,Default,Default,Default,Default,Default,Default,Default,Default,Default,Default,Default,Default,Default,Default,Default,2,Default,Default,Default,Default,Default,Default,Default,Default,Default,1,"Job-SPWWSK(IterationCount=2, WarmupCount=1)",IterationCount=1,1,Workload,Actual,1,24326200,1,24326200
BenchmarkHarness.GetAllPostgreSQLData,Benchmarking,BenchmarkHarness,GetAllPostgreSQLData,Job-SPWWSK,Default,Default,Default,Default,Default,Default,Default,Default,Default,Default,Default,Default,Default,Default,Default,Default,Default,Default,Default,Default,Default,Default,Default,Default,Default,Default,Default,Default,Default,Default,2,Default,Default,Default,Default,Default,Default,Default,Default,Default,1,"Job-SPWWSK(IterationCount=2, WarmupCount=1)",IterationCount=1,1,Workload,Actual,2,13056600,1,13056600
BenchmarkHarness.GetAllPostgreSQLData,Benchmarking,BenchmarkHarness,GetAllPostgreSQLData,Job-SPWWSK,Default,Default,Default,Default,Default,Default,Default,Default,Default,Default,Default,Default,Default,Default,Default,Default,Default,Default,Default,Default,Default,Default,Default,Default,Default,Default,Default,Default,Default,Default,2,Default,Default,Default,Default,Default,Default,Default,Default,Default,1,"Job-SPWWSK(IterationCount=2, WarmupCount=1)",IterationCount=1,1,Workload,Result,1,24326200,1,24326200
BenchmarkHarness.GetAllPostgreSQLData,Benchmarking,BenchmarkHarness,GetAllPostgreSQLData,Job-SPWWSK,Default,Default,Default,Default,Default,Default,Default,Default,Default,Default,Default,Default,Default,Default,Default,Default,Default,Default,Default,Default,Default,Default,Default,Default,Default,Default,Default,Default,Default,Default,2,Default,Default,Default,Default,Default,Default,Default,Default,Default,1,"Job-SPWWSK(IterationCount=2, WarmupCount=1)",IterationCount=1,1,Workload,Result,2,13056600,1,13056600
